"Designator","Quantity","Value","Footprint","Manufacturer","MPN","LCSC"
"C1,C31,C32,C33","4","10u 50V","Capacitor_SMD:C_0805_2012Metric","Murata","GRM21BR61H106KE43L","C440198"
"C2,C14","2","4.7u","Capacitor_SMD:C_0402_1005Metric","Samsung Electro-Mechanics","CL05A475MP5NRNC","C23733"
"C3,C10,C11","3","10u","Capacitor_SMD:C_0603_1608Metric","Samsung Electro-Mechanics","CL10A106KP8NNNC","C19702"
"C4,C6,C34","3","100n 50V","Capacitor_SMD:C_0402_1005Metric","Samsung Electro-Mechanics","CL05B104KB54PNC","C307331"
"C5,C7","2","4.7u","RP2350_80QFN_minimal:C_0402_1005Metric_small_pads","Samsung Electro-Mechanics","CL05A475MP5NRNC","C23733"
"C8,C9,C12,C13,C15,C16,C17,C18,C21,C23,C25,C26,C27,C28,C29,C30,C38","17","100n","Capacitor_SMD:C_0402_1005Metric","Samsung Electro-Mechanics","CL05B104KO5NNNC","C1525"
"C19,C20","2","15p","Capacitor_SMD:C_0402_1005Metric","Fenghua","0402CG150J500NT","C1548"
"C22,C24","2","1u","Capacitor_SMD:C_0402_1005Metric","Samsung Electro-Mechanics","CL05A105KA5NQNC","C52923"
"C35,C36,C37","3","22u","Capacitor_SMD:C_0603_1608Metric","Fenghua","0603X226M100NT","C60077"
"C39,C40","2","18p","Capacitor_SMD:C_0402_1005Metric","Fenghua","0402CG180J500NT","C1549"
"C42","1","100n 50V","Capacitor_SMD:C_0402_1005Metric","Murata","GRM155R71H104KE14D","C77020"
"D2,D8,D9","3","KT-0805G","LED_SMD:LED_0805_2012Metric","Hubei KENTO Elec","KT-0805G","C2297"
"D4","1","KT-0805Y","LED_SMD:LED_0805_2012Metric","Hubei KENTO Elec","KT-0805Y","C2296"
"D5,D6","2","KT-0805R","LED_SMD:LED_0805_2012Metric","NATIONSTAR","NCD0805R1","C84256"
"D7","1","KT-0805B","LED_SMD:LED_0805_2012Metric","Hubei KENTO Elec","KT-0805B","C2293"
"IC1","1","USB2422-I_MJ","USB2422-I_MJ:QFN50P400X400X100-25N","Microchip","USB2422-I/MJ","C220747"
"J1","1","Motor","Connector_Molex:Molex_PicoBlade_53261-0371_1x03-1MP_P1.25mm_Horizontal","Molex","532610371","C293630"
"J3","1","USB_C_Receptacle_USB2.0_14P","Connector_USB:USB_C_Receptacle_GCT_USB4105-xx-A_16P_TopMnt_Horizontal","Global Connector Technology","USB4105-GF-A-060","C3025063"
"J4","1","Slip Ring","JST PA 6P:CONN_BM06B-PASS-1_JST","JST","BM06B-PASS-TFT(LF)(SN)","C265376"
"J5","1","781715006","Molex Pico-EZmate 781715006:CONN06_781715006_MOL","Molex","781715006","C107412"
"J6","1","SM03B-SRSS-TB","Connector_JST:JST_SH_SM03B-SRSS-TB_1x03-1MP_P1.00mm_Horizontal","JST","SM03B-SRSS-TB(LF)(SN)","C160403"
"J9","1","SM04B-SRSS-TB_LF__SN_","SM04B-SRSS-TB:JST_SM04B-SRSS-TB_LF__SN_","JST","SM04B-SRSS-TB(LF)(SN)","C160404"
"L1","1","3.3u","AOTA-B201610S3R3-101-T:AOTAB201610S3R3101T","Abracon","AOTA-B201610S3R3-101-T","C42411119"
"PS1","1","TPSM84338RCJR","TPSM84338RCJR:CONV_TPSM84338RCJR","Texas Instruments","TPSM84338RCJR","C47122151"
"R3,R6","2","1.43k","Resistor_SMD:R_0402_1005Metric","Yageo","RC0402FR-071K43L","C163483"
"R4","1","10k","Resistor_SMD:R_0402_1005Metric","UNI-ROYAL","0402WGF1002TCE","C25744"
"R5,R22,R23,R24,R26","5","47k","Resistor_SMD:R_0402_1005Metric","UNI-ROYAL","0402WGF4702TCE","C25792"
"R11","1","270","Resistor_SMD:R_0402_1005Metric","Yageo","RC0402FR-07270RL","C163474"
"R13","1","33","Resistor_SMD:R_0402_1005Metric","UNI-ROYAL","0402WGF330JTCE","C25105"
"R14,R15,R18,R34,R36,R41","6","1k","Resistor_SMD:R_0402_1005Metric","UNI-ROYAL","0402WGF1001TCE","C11702"
"R16,R17","2","27","Resistor_SMD:R_0402_1005Metric","Yageo","RC0402FR-0727RL","C138021"
"R19,R20","2","100k","Resistor_SMD:R_0402_1005Metric","UNI-ROYAL","0402WGF1003TCE","C25741"
"R21","1","12k","Resistor_SMD:R_0402_1005Metric","UNI-ROYAL","0402WGF1202TCE","C25752"
"R25,R27","2","22k","Resistor_SMD:R_0402_1005Metric","UNI-ROYAL","0402WGF2202TCE","C25768"
"R28","1","330","Resistor_SMD:R_0402_1005Metric","UNI-ROYAL","0402WGF3300TCE","C25104"
"R29","1","110k","Resistor_SMD:R_0402_1005Metric","Yageo","RC0402FR-07110KL","C138065"
"R30","1","15k","Resistor_SMD:R_0402_1005Metric","UNI-ROYAL","0402WGF1502TCE","C25756"
"R31","1","0","Resistor_SMD:R_0402_1005Metric","UNI-ROYAL","0402WGF0000TCE","C17168"
"R32","1","18k","Resistor_SMD:R_0402_1005Metric","UNI-ROYAL","0402WGF1802TCE","C25762"
"R38,R40","2","360","Resistor_SMD:R_0402_1005Metric","FOJAN","FRC0402F3600TS","C2930003"
"R39","1","4.7k","Resistor_SMD:R_0402_1005Metric","UNI-ROYAL","0402WGF4701TCE","C25900"
"SW1","1","BOOTSEL","Button_Switch_SMD:SW_SPST_B3U-1000P","G-Switch","GT-TC032A-H015-L1","C843684"
"SW2","1","RESET","Button_Switch_SMD:SW_SPST_B3U-1000P","G-Switch","GT-TC032A-H015-L1","C843684"
"SW3","1","USER","Button_Switch_SMD:SW_SPST_B3U-1000P","G-Switch","GT-TC032A-H015-L1","C843684"
"U1","1","AP2112K-3.3","Package_TO_SOT_SMD:SOT-23-5","TECH PUBLIC","AP2112K-3.3TRG1","C23380830"
"U2","1","LM66200DRLR","LM66200DRLR:SOT-5X3_DRL_TEX","Texas Instruments","LM66200DRLR","C3235556"
"U3","1","PDRV8311HRRWR","DRV8311:RRW0024-MFG","Texas Instruments","DRV8311HRRWR","C5218862"
"U4","1","RP2354B","Package_DFN_QFN:QFN-80-1EP_10x10mm_P0.4mm_EP3.4x3.4mm_ThermalVias","Raspberry Pi","RP2354B","C39843328"
"U5","1","USBLC6-2P6","Package_TO_SOT_SMD:SOT-666","TECH PUBLIC","USBLC6-2P6","C2827693"
"Y1","1","ABM8-272-T3","ABM8-272-T3:XTAL_ABM8-272-T3","Abracon","ABM8-272-T3","C20625731"
"Y2","1","7M-24.000MAAJ-T","7M-24.000MAAJ-T:7M24000MAAJT","TXC","7M-24.000MAAJ-T","C2450233"
