Ref,Val,Package,PosX,PosY,Rot,Side
"C43","100n","C_0402_1005Metric",171.300000,-117.800000,153.920000,bottom
"C44","10u","C_0603_1608Metric",170.403910,-118.759290,153.920000,bottom
"R1","470","R_0402_1005Metric",151.300000,-121.900000,-62.745000,bottom
"R2","10k","R_0402_1005Metric",151.600000,-117.300000,-152.745000,bottom
"C1","10u 50V","C_0805_2012Metric",144.594616,-118.500000,-90.000000,top
"C2","4.7u","C_0402_1005Metric",175.200000,-92.020000,-90.000000,top
"C3","10u","C_0603_1608Metric",150.400000,-126.200000,0.000000,top
"C4","100n 50V","C_0402_1005Metric",147.100000,-118.200000,90.000000,top
"C5","4.7u","C_0402_1005Metric_small_pads",172.220000,-92.381843,0.000000,top
"C6","100n 50V","C_0402_1005Metric",146.100000,-119.600000,-90.000000,top
"C7","4.7u","C_0402_1005Metric_small_pads",172.220000,-91.381843,0.000000,top
"C8","100n","C_0402_1005Metric",150.000000,-117.500000,-90.000000,top
"C9","100n","C_0402_1005Metric",150.000000,-124.900000,180.000000,top
"C10","10u","C_0603_1608Metric",134.100000,-82.500000,90.000000,top
"C11","10u","C_0603_1608Metric",140.500000,-82.300000,-90.000000,top
"C12","100n","C_0402_1005Metric",161.800000,-98.600000,180.000000,top
"C13","100n","C_0402_1005Metric",177.750000,-97.500000,0.000000,top
"C14","4.7u","C_0402_1005Metric",170.000000,-106.400000,-90.000000,top
"C15","100n","C_0402_1005Metric",168.400000,-107.380000,-90.000000,top
"C16","100n","C_0402_1005Metric",167.600000,-89.800000,90.000000,top
"C17","100n","C_0402_1005Metric",166.000000,-92.100000,180.000000,top
"C18","100n","C_0402_1005Metric",161.800000,-96.600000,180.000000,top
"C19","15p","C_0402_1005Metric",165.500000,-108.000000,-90.000000,top
"C20","15p","C_0402_1005Metric",165.500000,-111.300000,90.000000,top
"C21","100n","C_0402_1005Metric",176.200000,-93.800000,90.000000,top
"C22","1u","C_0402_1005Metric",155.400000,-80.600000,0.000000,top
"C23","100n","C_0402_1005Metric",158.100000,-85.200000,0.000000,top
"C24","1u","C_0402_1005Metric",152.980000,-80.600000,180.000000,top
"C25","100n","C_0402_1005Metric",149.800000,-86.300000,180.000000,top
"C26","100n","C_0402_1005Metric",157.800000,-87.200000,0.000000,top
"C27","100n","C_0402_1005Metric",177.750000,-98.500000,0.000000,top
"C28","100n","C_0402_1005Metric",162.200000,-101.800000,-90.000000,top
"C29","100n","C_0402_1005Metric",164.070000,-105.550000,180.000000,top
"C30","100n","C_0402_1005Metric",176.375000,-102.500000,0.000000,top
"C31","10u 50V","C_0805_2012Metric",128.900000,-95.200000,-90.000000,top
"C32","10u 50V","C_0805_2012Metric",126.600000,-91.700000,90.000000,top
"C33","10u 50V","C_0805_2012Metric",128.700000,-91.700000,90.000000,top
"C34","100n 50V","C_0402_1005Metric",130.250000,-91.900000,90.000000,top
"C35","22u","C_0603_1608Metric",137.100000,-85.700000,0.000000,top
"C36","22u","C_0603_1608Metric",137.100000,-87.300000,0.000000,top
"C37","22u","C_0603_1608Metric",137.100000,-88.900000,0.000000,top
"C38","100n","C_0402_1005Metric",136.600000,-90.200000,0.000000,top
"C39","18p","C_0402_1005Metric",156.160000,-88.300000,180.000000,top
"C40","18p","C_0402_1005Metric",153.580000,-88.300000,0.000000,top
"C42","100n 50V","C_0402_1005Metric",144.950000,-78.850000,180.000000,top
"D2","KT-0805G","LED_0805_2012Metric",129.300000,-114.800000,45.000000,top
"D4","KT-0805Y","LED_0805_2012Metric",162.172500,-82.500000,180.000000,top
"D5","KT-0805R","LED_0805_2012Metric",155.236250,-125.762500,-90.000000,top
"D6","KT-0805R","LED_0805_2012Metric",133.500000,-97.200000,-90.000000,top
"D7","KT-0805B","LED_0805_2012Metric",177.000000,-104.800000,90.000000,top
"D8","KT-0805G","LED_0805_2012Metric",127.600000,-113.100000,45.000000,top
"D9","KT-0805G","LED_0805_2012Metric",144.800000,-83.662500,90.000000,top
"IC1","USB2422-I_MJ","QFN50P400X400X100-25N",154.150000,-83.950000,180.000000,top
"J1","Motor","Molex_PicoBlade_53261-0371_1x03-1MP_P1.25mm_Horizontal",138.200000,-114.600000,0.000000,top
"J3","USB_C_Receptacle_USB2.0_14P","USB_C_Receptacle_GCT_USB4105-xx-A_16P_TopMnt_Horizontal",150.000000,-73.295000,180.000000,top
"J4","Slip Ring","CONN_BM06B-PASS-1_JST",129.700001,-105.555109,180.000000,top
"J5","781715006","CONN06_781715006_MOL",159.800000,-118.507800,180.000000,top
"J6","SM03B-SRSS-TB","JST_SH_SM03B-SRSS-TB_1x03-1MP_P1.00mm_Horizontal",173.500000,-111.500000,63.920000,top
"J9","SM04B-SRSS-TB_LF__SN_","JST_SM04B-SRSS-TB_LF__SN_",167.085787,-82.914214,135.000000,top
"L1","3.3u","AOTAB201610S3R3101T",172.400000,-89.681843,0.000000,top
"PS1","TPSM84338RCJR","CONV_TPSM84338RCJR",133.250000,-91.250000,180.000000,top
"R3","1.43k","R_0402_1005Metric",130.200000,-116.300000,45.000000,top
"R4","10k","R_0402_1005Metric",147.100000,-114.600000,90.000000,top
"R5","47k","R_0402_1005Metric",151.700000,-121.800000,-90.000000,top
"R6","1.43k","R_0402_1005Metric",148.200000,-114.600000,-90.000000,top
"R11","270","R_0402_1005Metric",163.110000,-84.100000,180.000000,top
"R13","33","R_0402_1005Metric",175.200000,-90.100000,-90.000000,top
"R14","1k","R_0402_1005Metric",165.990000,-91.100000,180.000000,top
"R15","1k","R_0402_1005Metric",168.700000,-109.400000,0.000000,top
"R16","27","R_0402_1005Metric",168.600000,-89.800000,-90.000000,top
"R17","27","R_0402_1005Metric",169.700000,-89.790000,-90.000000,top
"R18","1k","R_0402_1005Metric",171.600000,-106.500000,-90.000000,top
"R19","100k","R_0402_1005Metric",147.300000,-86.100000,-90.000000,top
"R20","100k","R_0402_1005Metric",147.300000,-84.100000,-90.000000,top
"R21","12k","R_0402_1005Metric",158.100000,-86.200000,0.000000,top
"R22","47k","R_0402_1005Metric",149.800000,-85.300000,180.000000,top
"R23","47k","R_0402_1005Metric",149.800000,-81.900000,0.000000,top
"R24","47k","R_0402_1005Metric",149.800000,-82.900000,0.000000,top
"R25","22k","R_0402_1005Metric",149.110000,-79.900000,0.000000,top
"R26","47k","R_0402_1005Metric",149.800000,-83.900000,180.000000,top
"R27","22k","R_0402_1005Metric",149.110000,-78.900000,0.000000,top
"R28","330","R_0402_1005Metric",144.950000,-79.850000,180.000000,top
"R29","110k","R_0402_1005Metric",137.800000,-92.750000,180.000000,top
"R30","15k","R_0402_1005Metric",136.300000,-93.350000,-90.000000,top
"R31","0","R_0402_1005Metric",134.800000,-94.600000,0.000000,top
"R32","18k","R_0402_1005Metric",131.900000,-94.600000,180.000000,top
"R34","1k","R_0402_1005Metric",153.600000,-126.300000,-90.000000,top
"R36","1k","R_0402_1005Metric",135.900000,-98.600000,90.000000,top
"R38","360","R_0402_1005Metric",178.700000,-102.200000,-90.000000,top
"R39","4.7k","R_0402_1005Metric",126.100000,-112.200000,45.000000,top
"R40","360","R_0402_1005Metric",144.790000,-86.400000,180.000000,top
"R41","1k","R_0402_1005Metric",176.900000,-100.600000,0.000000,top
"SW1","BOOTSEL","SW_SPST_B3U-1000P",163.200000,-90.400000,-90.000000,top
"SW2","RESET","SW_SPST_B3U-1000P",159.700000,-90.400000,-90.000000,top
"SW3","USER","SW_SPST_B3U-1000P",168.800000,-116.500000,153.920000,top
"U1","AP2112K-3.3","SOT-23-5",137.362500,-82.550000,0.000000,top
"U2","LM66200DRLR","SOT-5X3_DRL_TEX",133.000000,-100.500000,180.000000,top
"U3","PDRV8311HRRWR","RRW0024-MFG",148.899999,-121.370001,-90.000000,top
"U4","RP2354B","QFN-80-1EP_10x10mm_P0.4mm_EP3.4x3.4mm_ThermalVias",169.200000,-98.800000,0.000000,top
"U5","USBLC6-2P6","SOT-666",157.762500,-79.650000,90.000000,top
"Y1","ABM8-272-T3","XTAL_ABM8-272-T3",162.600000,-109.300000,0.000000,top
"Y2","7M-24.000MAAJ-T","7M24000MAAJT",154.860000,-91.250000,180.000000,top
